Topic Id,Top Words...
0,error naming file fortran color doxygen input command files target stop message words folder make src load open define data
1,documentation sphinx generate api doxygen document web files python html docs file create project code django documenting swagger package output
2,studio comments visual documentation comment todo eclipse xcode xml code android list add intellij 2010 auto tags generate doxygen project
3,comments code comment source file documentation files php add excel write vba python git header xml word adding cell read
4,test unit tests 1 service called documented number check create list testing data entities stream position byte undocumented hash rspec
5,documentation api find software reference user good app offline docs library project version code ruby developer android access application manual
6,naming convention conventions java class names variable method classes coding whats standard fluent net case nhibernate file methods package structure
7,function variable object naming convention names class variables document javascript method functions practice array good return type data parameter java
8,documentation class document method methods comments documenting doxygen xml functions python code function type classes javadoc interface reference properties java
9,comments comment facebook wordpress post page plugin php box form add api system display show jquery working posts count user
10,rails comments ruby 3 controller convention model error commenting mvc action 4 id aspnet create method polymorphic system custom view
11,sql table database mysql comments column comment query server naming tables columns data conventions php convention oracle multiple db cakephp
12,code readability readable python statements make write statement performance java loop list programming large condition 8 improve strings difference function
13,comments comment line code html file python php block lines javascript regex remove text multi single commenting multiline style vim
